name,url,amount,deadline
AAUW Return to Learning Scholarships,https://www.scholarships.com/financial-aid/college-scholarships/scholarship-directory/academic-major/accounting/aauw-return-to-learning-scholarships,"$2,500 ",2020-04-01
"ABC Humane Wildlife Control & Prevention, Inc. Academic Scholarship",https://www.scholarships.com/financial-aid/college-scholarships/scholarship-directory/academic-major/accounting/abc-humane-wildlife-control-and-prevention-inc-academic-scholarship,"$1,000 ",2020-07-01
ACF Trythall Family Scholarship for Excellence in Continuing Education,https://www.scholarships.com/financial-aid/college-scholarships/scholarship-directory/academic-major/accounting/acf-trythall-family-scholarship-for-excellence-in-continuing-education,"$3,000 ",2020-06-07
AICPA Foundation Two-Year Transfer Scholarship ,https://www.scholarships.com/financial-aid/college-scholarships/scholarship-directory/academic-major/accounting/aicpa-foundation-two-year-transfer-scholarship,"$5,000 ",2020-03-01
AICPA John L. Carey Scholarship,https://www.scholarships.com/financial-aid/college-scholarships/scholarship-directory/academic-major/accounting/aicpa-john-l-carey-scholarship,"$5,000 ",2020-03-01
AICPA Scholarship for Minority Accounting Students,https://www.scholarships.com/financial-aid/college-scholarships/scholarship-directory/academic-major/accounting/aicpa-scholarship-for-minority-accounting-students,"$5,000 ",2020-03-01
Alabama Student Grant Program,https://www.scholarships.com/financial-aid/college-scholarships/scholarship-directory/academic-major/accounting/alabama-student-grant-program,"$1,200 ",
Association of Certified Fraud Examiners - Rhode Island Chapter Academic Scholarship,https://www.scholarships.com/financial-aid/college-scholarships/scholarship-directory/academic-major/accounting/association-of-certified-fraud-examiners-rhode-island-chapter-academic-scholarship,"$2,000 ",2020-05-15
BizInsure First Generation Scholarship,https://www.scholarships.com/financial-aid/college-scholarships/scholarship-directory/academic-major/accounting/bizinsure-first-generation-scholarship,"$2,000 ",2020-07-31
Cameron Impact Scholarship,https://www.scholarships.com/financial-aid/college-scholarships/scholarship-directory/academic-major/accounting/cameron-impact-scholarship,"$50,000 ",2020-09-13
CGCS- Bernard Harris Scholarship Program,https://www.scholarships.com/financial-aid/college-scholarships/scholarship-directory/academic-major/accounting/cgcsbernard-harris-scholarship-program,"$5,000 ",2020-04-12
COAG Scholarship,https://www.scholarships.com/financial-aid/college-scholarships/scholarship-directory/academic-major/accounting/coag-scholarship,"$1,000 ",2020-04-01
Diversity STEM Scholarships,https://www.scholarships.com/financial-aid/college-scholarships/scholarship-directory/academic-major/accounting/diversity-stem-scholarships,"$2,000 ",2020-05-10
Dr Barbara Odom-Wesley Spirit of Achievement Scholarship,https://www.scholarships.com/financial-aid/college-scholarships/scholarship-directory/academic-major/accounting/dr-barbara-odom-wesley-spirit-of-achievement-scholarship,"$3,000 ",2020-02-17
Edward C. Bryant Scholarship,https://www.scholarships.com/financial-aid/college-scholarships/scholarship-directory/academic-major/accounting/edward-c-bryant-scholarship,"$2,500 ",2020-03-01
Fifth Year Accounting Student Scholarship Program,https://www.scholarships.com/financial-aid/college-scholarships/scholarship-directory/academic-major/accounting/fifth-year-accounting-student-scholarship-program,"$5,000 ",
Fontana Transport Inc. Scholars Program,https://www.scholarships.com/financial-aid/college-scholarships/scholarship-directory/academic-major/accounting/fontana-transport-inc-scholars-program,"$5,000 ",2020-03-13
Frank L. Greathouse Government Accounting Scholarship,https://www.scholarships.com/financial-aid/college-scholarships/scholarship-directory/academic-major/accounting/frank-l-greathouse-government-accounting-scholarship,"$10,000 ",2020-01-18
Fukunaga Scholarship Foundation,https://www.scholarships.com/financial-aid/college-scholarships/scholarship-directory/academic-major/accounting/fukunaga-scholarship-foundation,"$20,000 ",2020-02-19
FWSF Scholarship,https://www.scholarships.com/financial-aid/college-scholarships/scholarship-directory/academic-major/accounting/fwsf-scholarship,"$10,000 ",
Goldberg-Miller Public Finance Scholarship,https://www.scholarships.com/financial-aid/college-scholarships/scholarship-directory/academic-major/accounting/goldberg-miller-public-finance-scholarship,"$15,000 ",2020-01-18
Herman J. Neal Scholarship,https://www.scholarships.com/financial-aid/college-scholarships/scholarship-directory/academic-major/accounting/herman-j-neal-scholarship,"$4,000 ",2020-04-01
IAAI Scholarship Foundation Accounting Scholarships,https://www.scholarships.com/financial-aid/college-scholarships/scholarship-directory/academic-major/accounting/iaai-scholarship-foundation-accounting-scholarships,"$1,000 ",2020-06-30
Illinois CPA Society Accounting Tuition Scholarship,https://www.scholarships.com/financial-aid/college-scholarships/scholarship-directory/academic-major/accounting/illinois-cpa-society-accounting-tuition-scholarship,"$4,000 ",2020-04-01
INCPAS Scholarship,https://www.scholarships.com/financial-aid/college-scholarships/scholarship-directory/academic-major/accounting/incpas-scholarship,Varies ,2020-06-01
International Scholarship for Women,https://www.scholarships.com/financial-aid/college-scholarships/scholarship-directory/academic-major/accounting/international-scholarship-for-women,"$45,000 ",2020-04-20
Jane M. Klausman Women in Business Scholarship,https://www.scholarships.com/financial-aid/college-scholarships/scholarship-directory/academic-major/accounting/jane-m-klausman-women-in-business-scholarship,"$8,000 ",
Jeffrey L. Esser Career Development Scholarship,https://www.scholarships.com/financial-aid/college-scholarships/scholarship-directory/academic-major/accounting/jeffrey-l-esser-career-development-scholarship,"$15,000 ",2020-01-18
John M. & Mary A. Shanley Memorial Scholarship ,https://www.scholarships.com/financial-aid/college-scholarships/scholarship-directory/academic-major/accounting/john-m-and-mary-a-shanley-memorial-scholarship,"$20,000 ",2020-02-24
Joseph James Morelli Legacy Foundation Scholarship,https://www.scholarships.com/financial-aid/college-scholarships/scholarship-directory/academic-major/accounting/joseph-james-morelli-legacy-foundation-scholarship,"$2,500 ",2020-03-13
JSU Alabama Power Scholarship,https://www.scholarships.com/financial-aid/college-scholarships/scholarship-directory/academic-major/accounting/jsu-alabama-power-scholarship,Varies ,2020-03-01
Lily Pabilona Emerging Entrepreneur Scholarship,https://www.scholarships.com/financial-aid/college-scholarships/scholarship-directory/academic-major/accounting/lily-pabilona-emerging-entrepreneur-scholarship,"$5,000 ",2020-05-07
Maryland Tech Council STEM Scholarship,https://www.scholarships.com/financial-aid/college-scholarships/scholarship-directory/academic-major/accounting/maryland-tech-council-stem-scholarship,"$4,500 ",2020-03-15
Matt Fong Asian Americans in Public Finance Scholarship,https://www.scholarships.com/financial-aid/college-scholarships/scholarship-directory/academic-major/accounting/matt-fong-asian-americans-in-public-finance-scholarship,"$5,000 ",2020-04-01
Mel C. Marshall Student Scholarship,https://www.scholarships.com/financial-aid/college-scholarships/scholarship-directory/academic-major/accounting/mel-c-marshall-student-scholarship,$500 ,
Mercatus Joseph Schumpeter Undergraduate Fellowship,https://www.scholarships.com/financial-aid/college-scholarships/scholarship-directory/academic-major/accounting/mercatus-joseph-schumpeter-undergraduate-fellowship,"$1,000 ",2020-01-05
Minorities In Government Finance Scholarship,https://www.scholarships.com/financial-aid/college-scholarships/scholarship-directory/academic-major/accounting/minorities-in-government-finance-scholarship,"$10,000 ",2020-01-18
NABA Corporate Partner Scholarship ,https://www.scholarships.com/financial-aid/college-scholarships/scholarship-directory/academic-major/accounting/naba-corporate-partner-scholarship,"$5,000 ",2020-01-31
NABA Member Scholarship Awards ,https://www.scholarships.com/financial-aid/college-scholarships/scholarship-directory/academic-major/accounting/naba-member-scholarship-awards,"$3,000 ",2020-01-31
NABA National Scholarship ,https://www.scholarships.com/financial-aid/college-scholarships/scholarship-directory/academic-major/accounting/naba-national-scholarship,"$1,500 ",2020-01-31
NDS Merton Sowerby Junior Merit Scholarship ,https://www.scholarships.com/financial-aid/college-scholarships/scholarship-directory/academic-major/accounting/nds-merton-sowerby-junior-merit-scholarship,"$1,500 ",2020-04-15
NDS Mike Lancaster Sophomore Merit Scholarship,https://www.scholarships.com/financial-aid/college-scholarships/scholarship-directory/academic-major/accounting/nds-mike-lancaster-sophomore-merit-scholarship,"$1,500 ",2020-04-15
Nellie Martin Carman Scholarship Fund,https://www.scholarships.com/financial-aid/college-scholarships/scholarship-directory/academic-major/accounting/nellie-martin-carman-scholarship-fund,"$2,000 ",2020-03-01
NGA Foundation Scholarships,https://www.scholarships.com/financial-aid/college-scholarships/scholarship-directory/academic-major/accounting/nga-foundation-scholarships,Varies ,2020-04-19
NJ Society of CPAs Four-Year Scholarship,https://www.scholarships.com/financial-aid/college-scholarships/scholarship-directory/academic-major/accounting/nj-society-of-cpas-four-year-scholarship,"$7,000 ",2020-01-01
NJCPA Four Year Scholarship,https://www.scholarships.com/financial-aid/college-scholarships/scholarship-directory/academic-major/accounting/njcpa-four-year-scholarship,"$7,000 ",2019-12-11
NJCPA One Year Scholarship,https://www.scholarships.com/financial-aid/college-scholarships/scholarship-directory/academic-major/accounting/njcpa-one-year-scholarship,"$6,500 ",2020-01-08
NJCU Honors Program in Finance Scholarship,https://www.scholarships.com/financial-aid/college-scholarships/scholarship-directory/academic-major/accounting/njcu-honors-program-in-finance-scholarship,"$50,000 ",2020-02-15
NSA Scholarship Foundation Awards,https://www.scholarships.com/financial-aid/college-scholarships/scholarship-directory/academic-major/accounting/nsa-scholarship-foundation-awards,"$2,200 ",2020-04-01
NSHSS STEM Scholarships,https://www.scholarships.com/financial-aid/college-scholarships/scholarship-directory/academic-major/accounting/nshss-stem-scholarships,"$1,000 ",2020-04-01
Pepsi-Cola Bottling of Eastern Oregon Scholarship ,https://www.scholarships.com/financial-aid/college-scholarships/scholarship-directory/academic-major/accounting/pepsi-cola-bottling-of-eastern-oregon-scholarship,"$1,000 ",2020-02-01
Ritchie-Jennings Memorial Scholarship,https://www.scholarships.com/financial-aid/college-scholarships/scholarship-directory/academic-major/accounting/ritchie-jennings-memorial-scholarship,"$10,000 ",2020-01-29
Samsung@First Scholars,https://www.scholarships.com/financial-aid/college-scholarships/scholarship-directory/academic-major/accounting/samsungfirst-scholars,"$15,000 ",2020-03-20
Scarlett Family Foundation,https://www.scholarships.com/financial-aid/college-scholarships/scholarship-directory/academic-major/accounting/scarlett-family-foundation,"$15,000 ",2019-12-15
Scarlett Family Foundation Scholarship,https://www.scholarships.com/financial-aid/college-scholarships/scholarship-directory/academic-major/accounting/scarlett-family-foundation-scholarship,"$60,000 ",2019-12-15
SEMA Memorial Scholarship Fund,https://www.scholarships.com/financial-aid/college-scholarships/scholarship-directory/academic-major/accounting/sema-memorial-scholarship-fund,"$5,000 ",2020-03-01
SILA Post Secondary College Scholarship ,https://www.scholarships.com/financial-aid/college-scholarships/scholarship-directory/academic-major/accounting/sila-post-secondary-college-scholarship,"$2,500 ",2020-05-31
SMA Native American STEM Scholarship,https://www.scholarships.com/financial-aid/college-scholarships/scholarship-directory/academic-major/accounting/sma-native-american-stem-scholarship,"$1,500 ",2020-06-15
TACTYC Scholarships ,https://www.scholarships.com/financial-aid/college-scholarships/scholarship-directory/academic-major/accounting/tactyc-scholarships,"$1,000 ",2020-03-01
The Craig & Galen Brown Foundation Scholarship,https://www.scholarships.com/financial-aid/college-scholarships/scholarship-directory/academic-major/accounting/the-craig-and-galen-brown-foundation-scholarship,Varies ,2019-12-01
The Laurels Fund,https://www.scholarships.com/financial-aid/college-scholarships/scholarship-directory/academic-major/accounting/the-laurels-fund,"$5,000 ",2020-05-15
The Michigan Oil and Gas Association (MOGA) Energy Education for Michigan Scholarships,https://www.scholarships.com/financial-aid/college-scholarships/scholarship-directory/academic-major/accounting/the-michigan-oil-and-gas-association-moga-energy-education-for-michigan-scholarships,Varies ,2020-08-03
Thunderbird Scholarships,https://www.scholarships.com/financial-aid/college-scholarships/scholarship-directory/academic-major/accounting/thunderbird-scholarships,Varies ,
TKE W. Allan Herzog Scholarship,https://www.scholarships.com/financial-aid/college-scholarships/scholarship-directory/academic-major/accounting/tke-w-allan-herzog-scholarship,Varies ,2020-03-15
  Trythall Family Scholarship for Excellence in Continuing Education Fund,https://www.scholarships.com/financial-aid/college-scholarships/scholarship-directory/academic-major/accounting/trythall-family-scholarship-for-excellence-in-continuing-education-fund,"$1,000 ",2020-06-07
Two Ten Higher Education Scholarship,https://www.scholarships.com/financial-aid/college-scholarships/scholarship-directory/academic-major/accounting/two-ten-higher-education-scholarship,"$16,000 ",2020-04-19
UNCF STEM Scholars Program Scholarship,https://www.scholarships.com/financial-aid/college-scholarships/scholarship-directory/academic-major/accounting/uncf-stem-scholars-program-scholarship,"$25,000 ",2020-03-03
USDA 1890 National Scholars Program,https://www.scholarships.com/financial-aid/college-scholarships/scholarship-directory/academic-major/accounting/usda-1890-national-scholars-program,Varies ,2020-04-30
Washington HECB American Indian Endowed Scholarship,https://www.scholarships.com/financial-aid/college-scholarships/scholarship-directory/academic-major/accounting/washington-hecb-american-indian-endowed-scholarship,"$2,000 ",2020-02-01
Western Digital Scholarship Program,https://www.scholarships.com/financial-aid/college-scholarships/scholarship-directory/academic-major/accounting/western-digital-scholarship-program,"$5,000 ",2020-04-03
WiNUP Fellowship Scholarship,https://www.scholarships.com/financial-aid/college-scholarships/scholarship-directory/academic-major/accounting/winup-fellowship-scholarship,Varies ,2020-05-01
